{
	"jsonResults": {
		"dateRun": "20-Jun-2022 13:40:12",
		"ini_time_size": "20-Jun-2022 11:35:54 7807B  MD5 = 80cb043451bd662c34dc1bc55acafc5c",
		"version": "Imatest 22.1.2  Multitest",
		"build": "2022-05-24",
		"image_file": "esfriso.png",
		"ColorSpace": "sRGB",
		"Reference": "Default values",
		"Gamma": [0.3403],
		"patches_for_gamma_start_end": [1,20],
		"exposure_error_f_stops": "-0.0896",
		"mean_camera_Saturation_Pct": ["_NaN_"],
		"mean_chroma_level_CPIQ_Pct": ["_NaN_"],
		"CPIQ_chroma_quality_loss_JND": ["_NaN_"],
		"CPIQ_exposure_quality_loss_JND": ["_NaN_"],
		"pixel_offset": [0],
		"mean_patch_size_pxls": [17,17],
		"roi_settings": "Recent ROI settings are in roi, nwid_save, nht_save, fillf, and distort (same names as ini file)",
		"roi": [238,126,438,325,238,325,438,126],
		"nwid_save": [675],
		"nht_save": [450],
		"fillf": [0.65],
		"distort": [0],
		"grayscale_zone": [1,2,3,4,5,6,7,8,9,10,11,12,13,14,15,16,17,18,19,20],
		"grayscale_minus_log_exposure": [4.1,3.09,2.53,2.14,1.84,1.59,1.39,1.21,1.05,0.91,0.79,0.67,0.57,0.47,0.38,0.29,0.21,0.14,0.07,0],
		"grayscale_Y_reflectivity": [7.943e-05,0.0008128,0.002951,0.007244,0.01445,0.0257,0.04074,0.06166,0.08913,0.123,0.1622,0.2138,0.2692,0.3388,0.4169,0.5129,0.6166,0.7244,0.8511,1],
		"grayscale_Y_Printer_pixel_gamma22": [3.678,10.59,19.02,28.61,39.17,50.88,62.73,75.73,89.54,103.7,117.5,133.3,148,164.3,180.5,198.4,215.7,232.1,249.7,268.7],
		"grayscale_Y_density": [0,0.02814,0.05629,0.08226,0.1143,0.1417,0.1787,0.2162,0.2512,0.2926,0.3347,0.3812,0.4288,0.4823,0.5492,0.6141,0.6905,0.7731,0.888,1.009],
		"grayscale_R_density": [0,0.02814,0.05629,0.08226,0.1143,0.1417,0.1787,0.2162,0.2512,0.2926,0.3347,0.3812,0.4288,0.4823,0.5492,0.6141,0.6905,0.7731,0.888,1.009],
		"grayscale_G_density": [0,0.02814,0.05629,0.08226,0.1143,0.1417,0.1787,0.2162,0.2512,0.2926,0.3347,0.3812,0.4288,0.4823,0.5492,0.6141,0.6905,0.7731,0.888,1.009],
		"grayscale_B_density": [0,0.02814,0.05629,0.08226,0.1143,0.1417,0.1787,0.2162,0.2512,0.2926,0.3347,0.3812,0.4288,0.4823,0.5492,0.6141,0.6905,0.7731,0.888,1.009],
		"grayscale_Y_mean": [255,239,224,211,196,184,169,155,143,130,118,106,95,84,72,62,52,43,33,25],
		"grayscale_R_mean": [255,239,224,211,196,184,169,155,143,130,118,106,95,84,72,62,52,43,33,25],
		"grayscale_G_mean": [255,239,224,211,196,184,169,155,143,130,118,106,95,84,72,62,52,43,33,25],
		"grayscale_B_mean": [255,239,224,211,196,184,169,155,143,130,118,106,95,84,72,62,52,43,33,25],
		"White_Bal_error_Degrees": [3.011,3.011,3.011,3.011,3.011,3.011,3.011,3.011,3.011,3.011,3.011,3.011,3.011,3.011,3.011,3.011,3.011,3.011,3.011,3.011],
		"White_Bal_error_Mired": [-0.07122,-0.07122,-0.07122,-0.07122,-0.07122,-0.07122,-0.07122,-0.07122,-0.07122,-0.07122,-0.07122,-0.07122,-0.07122,-0.07122,-0.07122,-0.07122,-0.07122,-0.07122,-0.07122,-0.07122],
		"White_Bal_error_H_HSV": [0,0,0,0,0,0,0,0,0,0,0,0,0,0,0,0,0,0,0,0],
		"White_Bal_error_Delta_C_ab": [0.01337,0.01273,0.01212,0.01159,0.01096,0.01046,0.009821,0.009215,0.008688,0.008107,0.007562,0.007007,0.006489,0.005959,0.005368,0.004863,0.004344,0.003864,0.003311,0.002852],
		"White_Bal_error_Delta_C_94": [0.01337,0.01273,0.01212,0.01159,0.01096,0.01046,0.009821,0.009215,0.008688,0.008107,0.007562,0.007007,0.006489,0.005959,0.005368,0.004863,0.004344,0.003864,0.003311,0.002852],
		"White_Bal_error_Delta_C_00": [0.01355,0.0129,0.01228,0.01174,0.01111,0.0106,0.009954,0.009341,0.008806,0.008218,0.007666,0.007103,0.006577,0.006041,0.005442,0.00493,0.004404,0.003917,0.003357,0.002892],
		"n_Patch": [1,2,3,4,5,6,7,8,9,10,11,12,13,14,15,16,17,18,19,20],
		"n_Row": [1,1,1,1,1,1,1,1,1,1,1,1,1,1,1,1,1,1,1,1],
		"n_Column": [1,2,3,4,5,6,7,8,9,10,11,12,13,14,15,16,17,18,19,20],
		"width_pixels": [18,18,18,18,18,18,19,19,18,18,18,18,19,19,18,18,18,18,18,18],
		"height_pixels": [19,19,19,19,19,19,19,19,19,19,19,19,19,19,19,19,19,19,19,19],
		"Pixels_total": [342,342,342,342,342,342,361,361,342,342,342,342,361,361,342,342,342,342,342,342],
		"R_reference": [255,237.5,221.2,205.9,189.7,172.8,157.4,141.7,127.4,112,98.34,84.22,70.24,56.87,44.49,32.01,20.5,9.723,2.678,0.2617],
		"G_reference": [255,237.5,221.2,205.9,189.7,172.8,157.4,141.7,127.4,112,98.34,84.22,70.24,56.87,44.49,32.01,20.5,9.723,2.678,0.2617],
		"B_reference": [255,237.5,221.2,205.9,189.7,172.8,157.4,141.7,127.4,112,98.34,84.22,70.24,56.87,44.49,32.01,20.5,9.723,2.678,0.2617],
		"R_input": [255,239,224,211,196,184,169,155,143,130,118,106,95,84,72,62,52,43,33,25],
		"G_input": [255,239,224,211,196,184,169,155,143,130,118,106,95,84,72,62,52,43,33,25],
		"B_input": [255,239,224,211,196,184,169,155,143,130,118,106,95,84,72,62,52,43,33,25],
		"L_reference": [100,93.93,88.18,82.73,76.85,70.65,64.87,58.9,53.36,47.26,41.69,35.82,29.83,23.91,18.23,12.26,6.544,2.666,0.7342,0.07175],
		"a_reference": [0,0,0,0,0,0,0,0,0,0,0,0,0,0,0,0,0,0,0,0],
		"b_reference": [0,0,0,0,0,0,0,0,0,0,0,0,0,0,0,0,0,0,0,0],
		"L_input": [100,94.45,89.18,84.56,79.16,74.78,69.24,63.98,59.4,54.37,49.64,44.82,40.32,35.72,30.59,26.21,21.7,17.53,12.74,8.757],
		"a_input": [0.001996,0.0019,0.001809,0.00173,0.001637,0.001562,0.001466,0.001376,0.001297,0.001211,0.001129,0.001046,0.0009688,0.0008898,0.0008015,0.0007261,0.0006486,0.0005769,0.0004944,0.0004259],
		"b_input": [-0.01322,-0.01258,-0.01198,-0.01146,-0.01084,-0.01034,-0.009711,-0.009112,-0.00859,-0.008017,-0.007478,-0.006929,-0.006416,-0.005893,-0.005308,-0.004808,-0.004295,-0.00382,-0.003274,-0.00282],
		"x_reference": [0.3127,0.3127,0.3127,0.3127,0.3127,0.3127,0.3127,0.3127,0.3127,0.3127,0.3127,0.3127,0.3127,0.3127,0.3127,0.3127,0.3127,0.3127,0.3127,0.3127],
		"y_reference": [0.329,0.329,0.329,0.329,0.329,0.329,0.329,0.329,0.329,0.329,0.329,0.329,0.329,0.329,0.329,0.329,0.329,0.329,0.329,0.329],
		"Y_reference": [1,0.8511,0.7244,0.6166,0.5129,0.4169,0.3388,0.2692,0.2138,0.1622,0.123,0.08913,0.06166,0.04074,0.0257,0.01445,0.007244,0.002951,0.0008128,7.943e-05],
		"x_input": [0.3127,0.3127,0.3127,0.3127,0.3127,0.3127,0.3127,0.3127,0.3127,0.3127,0.3127,0.3127,0.3127,0.3127,0.3127,0.3127,0.3127,0.3127,0.3127,0.3127],
		"y_input": [0.329,0.329,0.329,0.329,0.329,0.329,0.329,0.329,0.329,0.329,0.329,0.329,0.329,0.329,0.329,0.329,0.329,0.329,0.329,0.329],
		"Y_input": [1,0.8632,0.7454,0.6514,0.552,0.4793,0.3968,0.3278,0.2747,0.2232,0.1812,0.1441,0.1144,0.08866,0.0648,0.04817,0.03434,0.02416,0.01521,0.009721],
		"LUV_comment": "L2 is used to differentiate between the L in LAB and L in LUV.",
		"L2_reference": [903.3,768.8,654.4,557,463.3,376.6,306.1,243.1,193.1,146.5,111.1,80.51,55.7,36.8,23.22,13.06,6.544,2.666,0.7342,0.07175],
		"U_reference": [0.1978,0.1978,0.1978,0.1978,0.1978,0.1978,0.1978,0.1978,0.1978,0.1978,0.1978,0.1978,0.1978,0.1978,0.1978,0.1978,0.1978,0.1978,0.1978,0.1978],
		"V_reference": [0.4683,0.4683,0.4683,0.4683,0.4683,0.4683,0.4683,0.4683,0.4683,0.4683,0.4683,0.4683,0.4683,0.4683,0.4683,0.4683,0.4683,0.4683,0.4683,0.4683],
		"L2_input": [903.3,779.7,673.3,588.4,498.6,433,358.4,296.1,248.1,201.6,163.6,130.2,103.4,80.08,58.54,43.51,31.02,21.82,13.74,8.781],
		"U_input": [0.1978,0.1978,0.1978,0.1978,0.1978,0.1978,0.1978,0.1978,0.1978,0.1978,0.1978,0.1978,0.1978,0.1978,0.1978,0.1978,0.1978,0.1978,0.1978,0.1978],
		"V_input": [0.4683,0.4683,0.4683,0.4683,0.4683,0.4683,0.4683,0.4683,0.4683,0.4683,0.4683,0.4683,0.4683,0.4683,0.4683,0.4683,0.4683,0.4683,0.4683,0.4683],
		"patch_numbers_for_all_Delta_E_C": [1,2,3,4,5,6,7,8,9,10,11,12,13,14,15,16,17,18,19,20],
		"Delta_E_all": [0.0134,0.515,0.996,1.82,2.3,4.13,4.37,5.08,6.04,7.11,7.94,9,10.5,11.8,12.4,14,15.2,14.9,12,8.69],
		"Delta_C_all": [0.0134,0.0127,0.0121,0.0116,0.011,0.0105,0.00982,0.00922,0.00869,0.00811,0.00756,0.00701,0.00649,0.00596,0.00537,0.00486,0.00434,0.00386,0.00331,0.00285],
		"Delta_E94_all": [0.0134,0.515,0.996,1.82,2.3,4.13,4.37,5.08,6.04,7.11,7.94,9,10.5,11.8,12.4,14,15.2,14.9,12,8.69],